S.No,Method Name,File Name,Resource,Task status,Typical domain / destination,Role,Module,Layer,Source System,Source DB,Source Table,Target DB,Target Table,CDC,Load Type,Frequency,Schedule,Parent,Downstream,Connection/Method,Server/DB/API,Owner,Status,Folder Path,DevOps ID
1,SaveClaimStatus,SaveBills.cs,,,"ctrl — Claim Status","Upsert claim status reference rows; 12-month lookback",,,"SAMMS SQL Server (per clinic)","ctrl.tbl_LocationCons.DbName (per site)",dbo.tblClaimStatus,"Azure SQL — BHG_DR",ctrl.tbl_ClaimStatus,RowChkSum,EF Core upsert,Daily,"Schedule 1 — BHGTaskRunner.exe 1 (SAMMSGlobal)",,,,"Source: st.ConStr  Target: BHG_DRContext (EF Core)",,,,BHG-DR-LIB\SaveBills.cs,
2,SaveGlobalConsentsPhc,SaveGlobal.cs,,,"ctrl — Global Consents","Upsert global consent definitions",,,"SAMMS SQL Server (per clinic)","ctrl.tbl_LocationCons.DbName (per site)",dbo.tblCONSENTS,"Azure SQL — BHG_DR",ctrl.tbl_CONSENTS,Always update,EF Core upsert,Daily,"Schedule 1 — BHGTaskRunner.exe 1 (SAMMSGlobal)",,,,"Source: st.ConStr  Target: BHG_DRContext (EF Core)",,,,BHG-DR-LIB\SaveGlobal.cs,
3,SaveGlobalDevices,SaveGlobal.cs,,,"ctrl — Global Devices","Upsert global device reference table",,,"SAMMS SQL Server (per clinic)","ctrl.tbl_LocationCons.DbName (per site)",dbo.tblDEVICE,"Azure SQL — BHG_DR",ctrl.tbl_GlobalDevices,Always update,EF Core upsert,Daily,"Schedule 1 — BHGTaskRunner.exe 1 (SAMMSGlobal)",,,,"Source: st.ConStr  Target: BHG_DRContext (EF Core)",,,,BHG-DR-LIB\SaveGlobal.cs,
4,SaveGlobalUser,SaveGlobal.cs,,,"ctrl — Users","Upsert clinic user records",,,"SAMMS SQL Server (per clinic)","ctrl.tbl_LocationCons.DbName (per site)",dbo.tbluser,"Azure SQL — BHG_DR",ctrl.tbl_User,Always update,EF Core upsert,Daily,"Schedule 1 — BHGTaskRunner.exe 1 (SAMMSGlobal)",,,,"Source: st.ConStr  Target: BHG_DRContext (EF Core)",,,,BHG-DR-LIB\SaveGlobal.cs,
5,SaveGlobalUserSite,SaveGlobal.cs,,,"ctrl — User Sites","Upsert user-to-site assignments",,,"SAMMS SQL Server (per clinic)","ctrl.tbl_LocationCons.DbName (per site)",dbo.tblUserSites,"Azure SQL — BHG_DR",ctrl.tbl_UserSites,Always update,EF Core upsert,Daily,"Schedule 1 — BHGTaskRunner.exe 1 (SAMMSGlobal)",,,,"Source: st.ConStr  Target: BHG_DRContext (EF Core)",,,,BHG-DR-LIB\SaveGlobal.cs,
6,SaveGlobalBriefAddictionMonitor,SaveBAM.cs,,,"pats — BAM Global","Upsert BAM records via global path; RowChkSum guards updates",,,"SAMMS SQL Server (per clinic)","ctrl.tbl_LocationCons.DbName (per site)",dbo.aaBriefAddictionMonitor,"Azure SQL — BHG_DR",pats.tbl_BriefAddictionMonitor,RowChkSum,EF Core upsert,Daily,"Schedule 1 — BHGTaskRunner.exe 1 (SAMMSGlobal)",,,,"Source: st.ConStr  Target: BHG_DRContext (EF Core)",,,,BHG-DR-LIB\SaveBAM.cs,
7,SaveGlobalClinicalOpiateWithdrawalScale,SaveGlobal.cs,,,"pats — COWS Scale Global","Upsert Clinical Opiate Withdrawal Scale",,,"SAMMS SQL Server (per clinic)","ctrl.tbl_LocationCons.DbName (per site)",dbo.aaClinicalOpiateWithdrawalScale,"Azure SQL — BHG_DR",pats.tbl_clinicalopiatewithdrawalscale,Always update,EF Core upsert,Daily,"Schedule 1 — BHGTaskRunner.exe 1 (SAMMSGlobal)",,,,"Source: st.ConStr  Target: BHG_DRContext (EF Core)",,,,BHG-DR-LIB\SaveGlobal.cs,
8,SaveFeeSchedules,SaveGlobal.cs,,,"pats — Fee Schedule","Upsert fee schedule; pre-reset IsActive=false then set true on match; also in P2 for some timezones",,,"SAMMS SQL Server (per clinic)","ctrl.tbl_LocationCons.DbName (per site)","dbo.tblFEESCHED / bhg.vw_FeeSched","Azure SQL — BHG_DR",pats.tbl_FeeSched,"Pre-reset + IsActive flag",EF Core upsert,Daily,"Schedule 1 — BHGTaskRunner.exe 1 (SAMMSGlobal)",,,,"Source: st.ConStr  Target: BHG_DRContext (EF Core)",,,,BHG-DR-LIB\SaveGlobal.cs,
9,SaveFormCounts,SaveFormQAData.cs,,,"pats — Forms SAMMS Client","Upsert form count summary per client per site",,,"SAMMS SQL Server (per clinic)","ctrl.tbl_LocationCons.DbName (per site)",dbo.tblFORMSSAMMSCLIENT,"Azure SQL — BHG_DR",pats.tbl_FormsSAMMSClient,Always update,EF Core upsert,Daily,"Schedule 1 — BHGTaskRunner.exe 1 (SAMMSGlobal)",,,,"Source: st.ConStr  Target: BHG_DRContext (EF Core)",,,,BHG-DR-LIB\SaveFormQAData.cs,
10,SaveGlobalPayer,SaveGlobal.cs,,,"pats — Global Payor","Upsert global payer/insurance reference; also in P2 for some timezones",,,"SAMMS SQL Server (per clinic)","ctrl.tbl_LocationCons.DbName (per site)","dbo.tblPAYER / oak.vw_GlobalPayor","Azure SQL — BHG_DR",pats.tbl_GlobalPayor,Always update,EF Core upsert,Daily,"Schedule 1 — BHGTaskRunner.exe 1 (SAMMSGlobal)",,,,"Source: st.ConStr  Target: BHG_DRContext (EF Core)",,,,BHG-DR-LIB\SaveGlobal.cs,
11,SaveSFPatientPreAdmission,SavePreAdmissionV6.cs,,,"pats — SF Patient Pre-Admission","Upsert Patient Pre-Admission (PPA); hardcoded multi-join SQL; RowChkSum",,,"SAMMS SQL Server (per clinic)","ctrl.tbl_LocationCons.DbName (per site)",dbo.SF_PatientPreAdmission,"Azure SQL — BHG_DR",pats.tbl_SF_PatientPreAdmission,RowChkSum,EF Core upsert,Daily,"Schedule 12 — BHGTaskRunner.exe 12 (SAMMS-ETL-PPA)",,,,"Source: st.ConStr  Target: BHG_DRContext (EF Core)",,,,BHG-DR-LIB\SavePreAdmissionV6.cs,
12,SavePreAdmissionV6,SavePreAdmissionV6.cs,,,"ayx — Pre-Admission V6","Upsert pre-admission V6 analytic view; hardcoded 4-way JOIN SQL; data quality WHERE filter; RowChkSum",,,"SAMMS SQL Server (per clinic)","ctrl.tbl_LocationCons.DbName (per site)",dbo.SF_PatientPreAdmission,"Azure SQL — BHG_DR",ayx.tbl_PreAdmission_V6,"RowChkSum (hardcoded SQL)",EF Core upsert,Daily,"Schedule 2 — BHGTaskRunner.exe 2 (Regional ETL P1)",,,,"Source: st.ConStr  Target: BHG_DRContext (EF Core)",,,,BHG-DR-LIB\SavePreAdmissionV6.cs,
13,Save3pSetup,Save3pElig.cs,,,"ctrl — 3P Setup","Upsert 3rd-party payer configuration per site; RowChkSum guards updates",,,"SAMMS SQL Server (per clinic)","ctrl.tbl_LocationCons.DbName (per site)",dbo.tbl3PSETUP,"Azure SQL — BHG_DR",ctrl.tbl_3PSETUP,RowChkSum,EF Core upsert,Daily,"Schedule 2 — BHGTaskRunner.exe 2 (Regional ETL P1)",,,,"Source: st.ConStr  Target: BHG_DRContext (EF Core)",,,,BHG-DR-LIB\Save3pElig.cs,
14,SaveClinic,SaveClinic.cs,,,"ctrl — Clinic","Upsert clinic master; dynamic column skip for Lab and old schemas; always update",,,"SAMMS SQL Server (per clinic)","ctrl.tbl_LocationCons.DbName (per site)",dbo.tblClinic,"Azure SQL — BHG_DR",ctrl.tbl_Clinic,Always update,EF Core upsert,Daily,"Schedule 2 — BHGTaskRunner.exe 2 (Regional ETL P1)",,,,"Source: st.ConStr  Target: BHG_DRContext (EF Core)",,,,BHG-DR-LIB\SaveClinic.cs,
15,SavedropDownListItems,SavePAData.cs,,,"ctrl — Dropdown List Items","Upsert dropdown reference items; RowState=true always set",,,"SAMMS SQL Server (per clinic)","ctrl.tbl_LocationCons.DbName (per site)",dbo.DroDownListItems,"Azure SQL — BHG_DR",ctrl.tbl_DroDownListItems,No CDC,EF Core upsert,Daily,"Schedule 2 — BHGTaskRunner.exe 2 (Regional ETL P1)",,,,"Source: st.ConStr  Target: BHG_DRContext (EF Core)",,,,BHG-DR-LIB\SavePAData.cs,
16,Save3pElig,Save3pElig.cs,,,"pats — 3P Eligibility","Upsert 3P eligibility; year-scoped pre-reset; RowChkSum guards field updates; RowState always restored true",,,"SAMMS SQL Server (per clinic)","ctrl.tbl_LocationCons.DbName (per site)",dbo.Tbl3pElig,"Azure SQL — BHG_DR",pats.tbl_3pElig,"Pre-reset (year scope) + RowChkSum",EF Core upsert,Daily,"Schedule 2 — BHGTaskRunner.exe 2 (Regional ETL P1)",,,,"Source: st.ConStr  Target: BHG_DRContext (EF Core)",,,,BHG-DR-LIB\Save3pElig.cs,
17,SaveAdmissionAssessmentSubstanceuseHistory,SaveAssessments.cs,,,"pats — Admission Substance Use History","Upsert admission assessment substance use history sub-table; always update",,,"SAMMS SQL Server (per clinic)","ctrl.tbl_LocationCons.DbName (per site)",dbo.admissionassessmentsubstanceusehistory,"Azure SQL — BHG_DR",pats.tbl_Admissionassessmentsubstanceusehistory,Always update,EF Core upsert,Daily,"Schedule 2 — BHGTaskRunner.exe 2 (Regional ETL P1)",,,,"Source: st.ConStr  Target: BHG_DRContext (EF Core)",,,,BHG-DR-LIB\SaveAssessments.cs,
18,SaveAppointmentAttend,SaveAppointments.cs,,,"pats — Appointment Attendance","Upsert appointment attendance; RowChkSum; negative CltId sets RowState=false",,,"SAMMS SQL Server (per clinic)","ctrl.tbl_LocationCons.DbName (per site)",dbo.AppointmentAttend,"Azure SQL — BHG_DR",pats.tbl_AppointmentAttend,RowChkSum,EF Core upsert,Daily,"Schedule 2 — BHGTaskRunner.exe 2 (Regional ETL P1)",,,,"Source: st.ConStr  Target: BHG_DRContext (EF Core)",,,,BHG-DR-LIB\SaveAppointments.cs,
19,SaveBamForm,SaveBAM.cs,,,"pats — BAM Form","Upsert BAM form header records per client per site",,,"SAMMS SQL Server (per clinic)","ctrl.tbl_LocationCons.DbName (per site)",dbo.BAMForm,"Azure SQL — BHG_DR",pats.tbl_BAMForm,Always update,EF Core upsert,Daily,"Schedule 2 — BHGTaskRunner.exe 2 (Regional ETL P1)",,,,"Source: st.ConStr  Target: BHG_DRContext (EF Core)",,,,BHG-DR-LIB\SaveBAM.cs,
20,SaveBamScore,SaveBAM.cs,,,"pats — BAM Score","Upsert BAM computed score child rows per BAM form",,,"SAMMS SQL Server (per clinic)","ctrl.tbl_LocationCons.DbName (per site)",dbo.BAMScore,"Azure SQL — BHG_DR",pats.tbl_BAMScore,Always update,EF Core upsert,Daily,"Schedule 2 — BHGTaskRunner.exe 2 (Regional ETL P1)",,,,"Source: st.ConStr  Target: BHG_DRContext (EF Core)",,,,BHG-DR-LIB\SaveBAM.cs,
21,SaveBills,SaveBills.cs,,,"pats — Bills","Upsert bills; year-based WHERE override; windowed pre-reset per site+year; RowChkSum; P1 for MST/PST  P2 for EST/CST",,,"SAMMS SQL Server (per clinic)","ctrl.tbl_LocationCons.DbName (per site)",dbo.tblBill,"Azure SQL — BHG_DR",pats.tbl_Bills,"Pre-reset (windowed) + RowChkSum",EF Core upsert,Daily,"Schedule 2/4 — P1 for MST/PST sites  P2 for EST/CST sites",,,,"Source: st.ConStr  Target: BHG_DRContext (EF Core)",,,,BHG-DR-LIB\SaveBills.cs,
22,SaveCheckIn,SaveCheckIn.cs,,,"pats — Check-In","Upsert check-in; RowChkSum; ciQUEUETIME stripped for Lab; MinutesWaited computed at load; P1 for MST/PST  P2 for EST/CST",,,"SAMMS SQL Server (per clinic)","ctrl.tbl_LocationCons.DbName (per site)",dbo.tblCHECKIN,"Azure SQL — BHG_DR",pats.tbl_CheckIn,RowChkSum,EF Core upsert,Daily,"Schedule 2/4 — P1 for MST/PST sites  P2 for EST/CST sites",,,,"Source: st.ConStr  Target: BHG_DRContext (EF Core)",,,,BHG-DR-LIB\SaveCheckIn.cs,
23,SaveCodes,SaveCodes.cs,,,"pats — Codes","Upsert site service and billing codes; RowChkSum gates update",,,"SAMMS SQL Server (per clinic)","ctrl.tbl_LocationCons.DbName (per site)",dbo.tblCodes,"Azure SQL — BHG_DR",pats.tbl_Codes,RowChkSum,EF Core upsert,Daily,"Schedule 2 — BHGTaskRunner.exe 2 (Regional ETL P1)",,,,"Source: st.ConStr  Target: BHG_DRContext (EF Core)",,,,BHG-DR-LIB\SaveCodes.cs,
24,SaveComprehensiveAssessmentForm,SaveFormQAData.cs,,,"pats — Comprehensive Assessment Form","Upsert legacy BHG comprehensive assessment form; always update",,,"SAMMS SQL Server (per clinic)","ctrl.tbl_LocationCons.DbName (per site)",dbo.ComprehensiveAssessmentForm,"Azure SQL — BHG_DR",pats.tbl_ComprehensiveAssessmentForm,Always update,EF Core upsert,Daily,"Schedule 2 — BHGTaskRunner.exe 2 (Regional ETL P1)",,,,"Source: st.ConStr  Target: BHG_DRContext (EF Core)",,,,BHG-DR-LIB\SaveFormQAData.cs,
25,SaveConsenttoMarketing,SaveDataFeb26.cs,,,"pats — Consent to Marketing","Upsert consent-to-marketing; int RowState 1/0; IsDeleted sets RowState=0",,,"SAMMS SQL Server (per clinic)","ctrl.tbl_LocationCons.DbName (per site)",dbo.consenttomarketing,"Azure SQL — BHG_DR",pats.tbl_consenttomarketing,"No CDC (int RowState)",EF Core upsert,Daily,"Schedule 2 — BHGTaskRunner.exe 2 (Regional ETL P1)",,,,"Source: st.ConStr  Target: BHG_DRContext (EF Core)",,,,BHG-DR-LIB\SaveDataFeb26.cs,
26,SaveCows_v6,SaveCows.cs,,,"pats — COWS V6","Upsert COWS V6; hardcoded SQL with dynamic column detection via sys.all_columns; 12 JOIN lookups; RowChkSum",,,"SAMMS SQL Server (per clinic)","ctrl.tbl_LocationCons.DbName (per site)",dbo.SF_COWS,"Azure SQL — BHG_DR",pats.tbl_Cows_V6,"RowChkSum (hardcoded SQL)",EF Core upsert,Daily,"Schedule 2 — BHGTaskRunner.exe 2 (Regional ETL P1)",,,,"Source: st.ConStr  Target: BHG_DRContext (EF Core)",,,,BHG-DR-LIB\SaveCows.cs,
27,SaveCustomAnswers,SaveCustomQA.cs,,,"pats — Custom Answers","Upsert custom form answers; pre-reset (field typo RowSate); RowCheckSum (typo in code)",,,"SAMMS SQL Server (per clinic)","ctrl.tbl_LocationCons.DbName (per site)",dbo.tblCUSTOMANSWERS,"Azure SQL — BHG_DR",pats.tbl_CustomAnswers,"Pre-reset + RowCheckSum",EF Core upsert,Daily,"Schedule 2 — BHGTaskRunner.exe 2 (Regional ETL P1)",,,,"Source: st.ConStr  Target: BHG_DRContext (EF Core)",,,,BHG-DR-LIB\SaveCustomQA.cs,
28,SaveCustomQuestions,SaveCustomQA.cs,,,"pats — Custom Questions","Upsert custom form questions; pre-reset (field typo RowSate); RowCheckSum (typo in code)",,,"SAMMS SQL Server (per clinic)","ctrl.tbl_LocationCons.DbName (per site)",dbo.tblCUSTOMQUESTIONS,"Azure SQL — BHG_DR",pats.tbl_CustomQuestions,"Pre-reset + RowCheckSum",EF Core upsert,Daily,"Schedule 2 — BHGTaskRunner.exe 2 (Regional ETL P1)",,,,"Source: st.ConStr  Target: BHG_DRContext (EF Core)",,,,BHG-DR-LIB\SaveCustomQA.cs,
29,SaveEMFormPregnancy,SaveFormQAData.cs,,,"pats — E&M Form Pregnancy","Upsert E&M pregnancy form; 3-way JOIN; IsDeleted aggregated from form + pre-admission; P1 for MST/PST  P2 for EST/CST",,,"SAMMS SQL Server (per clinic)","ctrl.tbl_LocationCons.DbName (per site)","dbo.EandMFormPregnancy + dbo.EandMForm","Azure SQL — BHG_DR",pats.tbl_EandMFormPregnancy,Always update,EF Core upsert,Daily,"Schedule 2/4 — P1 for MST/PST sites  P2 for EST/CST sites",,,,"Source: st.ConStr  Target: BHG_DRContext (EF Core)",,,,BHG-DR-LIB\SaveFormQAData.cs,
30,SaveEnrollment,SaveEnrollment.cs,,,"pats — Enrollment","Upsert enrollment; pre-reset all site rows; full refresh per site; P1 for EST sites  P2 for CST/MST/PST",,,"SAMMS SQL Server (per clinic)","ctrl.tbl_LocationCons.DbName (per site)","dbo.tblENROLL / bhg.vw_Enrollment","Azure SQL — BHG_DR",pats.tbl_Enrollment,"Pre-reset + Full refresh",EF Core upsert,Daily,"Schedule 2/4 — P1 for EST sites  P2 for CST/MST/PST sites",,,,"Source: st.ConStr  Target: BHG_DRContext (EF Core)",,,,BHG-DR-LIB\SaveEnrollment.cs,
31,SaveFinancialHardshipApplication,SavePAData.cs,,,"pats — Financial Hardship Application","Upsert financial hardship application; RowChkSum; IsDeleted sets RowState=false",,,"SAMMS SQL Server (per clinic)","ctrl.tbl_LocationCons.DbName (per site)",dbo.FinancialHardshipApplication,"Azure SQL — BHG_DR",pats.tbl_FinancialHardshipApplication,RowChkSum,EF Core upsert,Daily,"Schedule 2 — BHGTaskRunner.exe 2 (Regional ETL P1)",,,,"Source: st.ConStr  Target: BHG_DRContext (EF Core)",,,,BHG-DR-LIB\SavePAData.cs,
32,SaveFmp,SaveFmp.cs,,,"pats — FMP","Upsert FMP (Financial Management Plan) records; RowChkSum",,,"SAMMS SQL Server (per clinic)","ctrl.tbl_LocationCons.DbName (per site)",dbo.tblFMP,"Azure SQL — BHG_DR",pats.tbl_Fmp,RowChkSum,EF Core upsert,Daily,"Schedule 2 — BHGTaskRunner.exe 2 (Regional ETL P1)",,,,"Source: st.ConStr  Target: BHG_DRContext (EF Core)",,,,BHG-DR-LIB\SaveFmp.cs,
33,SaveMNComprehensiveAssessment,SaveCA.cs,,,"pats — MN Comprehensive Assessment","Upsert Minnesota comprehensive assessment; RowChkSum",,,"SAMMS SQL Server (per clinic)","ctrl.tbl_LocationCons.DbName (per site)",dbo.MNComprehensiveAssessment,"Azure SQL — BHG_DR",pats.tbl_MNComprehensiveAssessment,RowChkSum,EF Core upsert,Daily,"Schedule 2 — BHGTaskRunner.exe 2 (Regional ETL P1)",,,,"Source: st.ConStr  Target: BHG_DRContext (EF Core)",,,,BHG-DR-LIB\SaveCA.cs,
34,SaveMNComprehensiveAssessmentLevelOfCare,SaveCA.cs,,,"pats — MN Assessment Level of Care","Upsert MN assessment level-of-care sub-table; RowChkSum",,,"SAMMS SQL Server (per clinic)","ctrl.tbl_LocationCons.DbName (per site)",dbo.MNComprehensiveAssessmentLevelOfCare,"Azure SQL — BHG_DR",pats.tbl_MNComprehensiveAssessmentLevelOfCare,RowChkSum,EF Core upsert,Daily,"Schedule 2 — BHGTaskRunner.exe 2 (Regional ETL P1)",,,,"Source: st.ConStr  Target: BHG_DRContext (EF Core)",,,,BHG-DR-LIB\SaveCA.cs,
35,SaveMNTreatmentServiceReview,SaveCA.cs,,,"pats — MN Treatment Service Review","Upsert MN treatment service review form; RowChkSum",,,"SAMMS SQL Server (per clinic)","ctrl.tbl_LocationCons.DbName (per site)",dbo.MNTreatmentServiceReview,"Azure SQL — BHG_DR",pats.tbl_mntreatmentservicereview,RowChkSum,EF Core upsert,Daily,"Schedule 2 — BHGTaskRunner.exe 2 (Regional ETL P1)",,,,"Source: st.ConStr  Target: BHG_DRContext (EF Core)",,,,BHG-DR-LIB\SaveCA.cs,
36,SaveNewAdmissionAssessment,SaveAssessments.cs,,,"pats — New Admission Assessment","Upsert new admission assessment header; RowChkSum; IsDeleted sets RowState=false",,,"SAMMS SQL Server (per clinic)","ctrl.tbl_LocationCons.DbName (per site)",dbo.tblNewAdmissionAssessment,"Azure SQL — BHG_DR",pats.tbl_NewAdmissionassessment,RowChkSum,EF Core upsert,Daily,"Schedule 2 — BHGTaskRunner.exe 2 (Regional ETL P1)",,,,"Source: st.ConStr  Target: BHG_DRContext (EF Core)",,,,BHG-DR-LIB\SaveAssessments.cs,
37,SaveNewAdmissionAssessmentASAMDimension6,SaveAssessments.cs,,,"pats — NAA ASAM Dimension 6","Upsert NAA ASAM Dimension 6 sub-table; always update",,,"SAMMS SQL Server (per clinic)","ctrl.tbl_LocationCons.DbName (per site)",dbo.tblNewAdmissionAssessmentASAMDimension6,"Azure SQL — BHG_DR",pats.tbl_NewAdmissionAssessmentASAMDimension6,Always update,EF Core upsert,Daily,"Schedule 2 — BHGTaskRunner.exe 2 (Regional ETL P1)",,,,"Source: st.ConStr  Target: BHG_DRContext (EF Core)",,,,BHG-DR-LIB\SaveAssessments.cs,
38,SaveNewDischargeTransferPlanForm,SaveAssessments.cs,,,"pats — New Discharge Transfer Plan","Upsert new discharge/transfer plan form; RowChkSum",,,"SAMMS SQL Server (per clinic)","ctrl.tbl_LocationCons.DbName (per site)",dbo.tblNewDischargeTransferPlanForm,"Azure SQL — BHG_DR",pats.tbl_newdischargetransferplanform,RowChkSum,EF Core upsert,Daily,"Schedule 2 — BHGTaskRunner.exe 2 (Regional ETL P1)",,,,"Source: st.ConStr  Target: BHG_DRContext (EF Core)",,,,BHG-DR-LIB\SaveAssessments.cs,
39,SaveNewPeriodicReassessment,SaveAssessments.cs,,,"pats — New Periodic Reassessment","Upsert new periodic reassessment header; RowChkSum",,,"SAMMS SQL Server (per clinic)","ctrl.tbl_LocationCons.DbName (per site)",dbo.tblNewPeriodicReassessment,"Azure SQL — BHG_DR",pats.tbl_NewPeriodicReassessment,RowChkSum,EF Core upsert,Daily,"Schedule 2 — BHGTaskRunner.exe 2 (Regional ETL P1)",,,,"Source: st.ConStr  Target: BHG_DRContext (EF Core)",,,,BHG-DR-LIB\SaveAssessments.cs,
40,SaveNewPeriodicReassessmentCounselorReview,SaveAssessments.cs,,,"pats — NPR Counselor Review","Upsert new periodic reassessment counselor review sub-table",,,"SAMMS SQL Server (per clinic)","ctrl.tbl_LocationCons.DbName (per site)",dbo.tblNewPeriodicReassessmentCounselorReview,"Azure SQL — BHG_DR",pats.tbl_NewPeriodicReassessmentCounselorReview,Always update,EF Core upsert,Daily,"Schedule 2 — BHGTaskRunner.exe 2 (Regional ETL P1)",,,,"Source: st.ConStr  Target: BHG_DRContext (EF Core)",,,,BHG-DR-LIB\SaveAssessments.cs,
41,SaveNewPeriodicReassessmentD2,SaveAssessments.cs,,,"pats — NPR Dimension 2","Upsert new periodic reassessment Dimension 2 sub-table",,,"SAMMS SQL Server (per clinic)","ctrl.tbl_LocationCons.DbName (per site)",dbo.tblNewPeriodicReassessmentD2,"Azure SQL — BHG_DR",pats.tbl_newperiodicreassessmentd2,Always update,EF Core upsert,Daily,"Schedule 2 — BHGTaskRunner.exe 2 (Regional ETL P1)",,,,"Source: st.ConStr  Target: BHG_DRContext (EF Core)",,,,BHG-DR-LIB\SaveAssessments.cs,
42,SaveNewPeriodicReassessmentD3,SaveAssessments.cs,,,"pats — NPR Dimension 3","Upsert new periodic reassessment Dimension 3 sub-table",,,"SAMMS SQL Server (per clinic)","ctrl.tbl_LocationCons.DbName (per site)",dbo.tblNewPeriodicReassessmentD3,"Azure SQL — BHG_DR",pats.tbl_newperiodicreassessmentd3,Always update,EF Core upsert,Daily,"Schedule 2 — BHGTaskRunner.exe 2 (Regional ETL P1)",,,,"Source: st.ConStr  Target: BHG_DRContext (EF Core)",,,,BHG-DR-LIB\SaveAssessments.cs,
43,SaveNewPeriodicReassessmentD4,SaveAssessments.cs,,,"pats — NPR Dimension 4","Upsert new periodic reassessment Dimension 4 sub-table",,,"SAMMS SQL Server (per clinic)","ctrl.tbl_LocationCons.DbName (per site)",dbo.tblNewPeriodicReassessmentD4,"Azure SQL — BHG_DR",pats.tbl_newperiodicreassessmentd4,Always update,EF Core upsert,Daily,"Schedule 2 — BHGTaskRunner.exe 2 (Regional ETL P1)",,,,"Source: st.ConStr  Target: BHG_DRContext (EF Core)",,,,BHG-DR-LIB\SaveAssessments.cs,
44,SaveNewPeriodicReassessmentD5,SaveAssessments.cs,,,"pats — NPR Dimension 5","Upsert new periodic reassessment Dimension 5 sub-table",,,"SAMMS SQL Server (per clinic)","ctrl.tbl_LocationCons.DbName (per site)",dbo.tblNewPeriodicReassessmentD5,"Azure SQL — BHG_DR",pats.tbl_newperiodicreassessmentd5,Always update,EF Core upsert,Daily,"Schedule 2 — BHGTaskRunner.exe 2 (Regional ETL P1)",,,,"Source: st.ConStr  Target: BHG_DRContext (EF Core)",,,,BHG-DR-LIB\SaveAssessments.cs,
45,SaveNewPeriodicReassessmentD6,SaveAssessments.cs,,,"pats — NPR Dimension 6","Upsert new periodic reassessment Dimension 6 sub-table",,,"SAMMS SQL Server (per clinic)","ctrl.tbl_LocationCons.DbName (per site)",dbo.tblNewPeriodicReassessmentD6,"Azure SQL — BHG_DR",pats.tbl_newperiodicreassessmentd6,Always update,EF Core upsert,Daily,"Schedule 2 — BHGTaskRunner.exe 2 (Regional ETL P1)",,,,"Source: st.ConStr  Target: BHG_DRContext (EF Core)",,,,BHG-DR-LIB\SaveAssessments.cs,
46,SavePA,SavePAData.cs,,,"pats — Pre-Admission (PA)","Upsert pre-admission header; RowChkSum; IsDeleted sets RowState=false",,,"SAMMS SQL Server (per clinic)","ctrl.tbl_LocationCons.DbName (per site)",dbo.tblPA,"Azure SQL — BHG_DR",pats.tbl_PA,RowChkSum,EF Core upsert,Daily,"Schedule 2 — BHGTaskRunner.exe 2 (Regional ETL P1)",,,,"Source: st.ConStr  Target: BHG_DRContext (EF Core)",,,,BHG-DR-LIB\SavePAData.cs,
47,SavePACounselorReview,SavePAData.cs,,,"pats — PA Counselor Review","Upsert PA counselor review sub-table; always update",,,"SAMMS SQL Server (per clinic)","ctrl.tbl_LocationCons.DbName (per site)",dbo.tblPACounselorReview,"Azure SQL — BHG_DR",pats.tbl_PACounselorReview,Always update,EF Core upsert,Daily,"Schedule 2 — BHGTaskRunner.exe 2 (Regional ETL P1)",,,,"Source: st.ConStr  Target: BHG_DRContext (EF Core)",,,,BHG-DR-LIB\SavePAData.cs,
48,SavePADimension1,SavePAData.cs,,,"pats — PA Dimension 1","Upsert PA ASAM Dimension 1 sub-table; always update",,,"SAMMS SQL Server (per clinic)","ctrl.tbl_LocationCons.DbName (per site)",dbo.tblPADimension1,"Azure SQL — BHG_DR",pats.tbl_PADimension1,Always update,EF Core upsert,Daily,"Schedule 2 — BHGTaskRunner.exe 2 (Regional ETL P1)",,,,"Source: st.ConStr  Target: BHG_DRContext (EF Core)",,,,BHG-DR-LIB\SavePAData.cs,
49,SavePADimension2,SavePAData.cs,,,"pats — PA Dimension 2","Upsert PA ASAM Dimension 2 sub-table; always update",,,"SAMMS SQL Server (per clinic)","ctrl.tbl_LocationCons.DbName (per site)",dbo.tblPADimension2,"Azure SQL — BHG_DR",pats.tbl_PADimension2,Always update,EF Core upsert,Daily,"Schedule 2 — BHGTaskRunner.exe 2 (Regional ETL P1)",,,,"Source: st.ConStr  Target: BHG_DRContext (EF Core)",,,,BHG-DR-LIB\SavePAData.cs,
50,SavePADimension3,SavePAData.cs,,,"pats — PA Dimension 3","Upsert PA ASAM Dimension 3 sub-table; always update",,,"SAMMS SQL Server (per clinic)","ctrl.tbl_LocationCons.DbName (per site)",dbo.tblPADimension3,"Azure SQL — BHG_DR",pats.tbl_PADimension3,Always update,EF Core upsert,Daily,"Schedule 2 — BHGTaskRunner.exe 2 (Regional ETL P1)",,,,"Source: st.ConStr  Target: BHG_DRContext (EF Core)",,,,BHG-DR-LIB\SavePAData.cs,
51,SavePADimension4,SavePAData.cs,,,"pats — PA Dimension 4","Upsert PA ASAM Dimension 4 sub-table; always update",,,"SAMMS SQL Server (per clinic)","ctrl.tbl_LocationCons.DbName (per site)",dbo.tblPADimension4,"Azure SQL — BHG_DR",pats.tbl_PADimension4,Always update,EF Core upsert,Daily,"Schedule 2 — BHGTaskRunner.exe 2 (Regional ETL P1)",,,,"Source: st.ConStr  Target: BHG_DRContext (EF Core)",,,,BHG-DR-LIB\SavePAData.cs,
52,SavePADimension5,SavePAData.cs,,,"pats — PA Dimension 5","Upsert PA ASAM Dimension 5 sub-table; always update",,,"SAMMS SQL Server (per clinic)","ctrl.tbl_LocationCons.DbName (per site)",dbo.tblPADimension5,"Azure SQL — BHG_DR",pats.tbl_PADimension5,Always update,EF Core upsert,Daily,"Schedule 2 — BHGTaskRunner.exe 2 (Regional ETL P1)",,,,"Source: st.ConStr  Target: BHG_DRContext (EF Core)",,,,BHG-DR-LIB\SavePAData.cs,
53,SavePADimension6,SavePAData.cs,,,"pats — PA Dimension 6","Upsert PA ASAM Dimension 6 sub-table; always update",,,"SAMMS SQL Server (per clinic)","ctrl.tbl_LocationCons.DbName (per site)",dbo.tblPADimension6,"Azure SQL — BHG_DR",pats.tbl_PADimension6,Always update,EF Core upsert,Daily,"Schedule 2 — BHGTaskRunner.exe 2 (Regional ETL P1)",,,,"Source: st.ConStr  Target: BHG_DRContext (EF Core)",,,,BHG-DR-LIB\SavePAData.cs,
54,SavePayerCltHistory,SavePayorClient.cs,,,"pats — Payer Client History","Upsert payer-client history; RowChkSum; P1 for CST sites  P2 for EST/MST/PST",,,"SAMMS SQL Server (per clinic)","ctrl.tbl_LocationCons.DbName (per site)",dbo.tblPayerCltHistory,"Azure SQL — BHG_DR",pats.tbl_PayerCltHistory,RowChkSum,EF Core upsert,Daily,"Schedule 2/4 — P1 for CST sites  P2 for EST/MST/PST sites",,,,"Source: st.ConStr  Target: BHG_DRContext (EF Core)",,,,BHG-DR-LIB\SavePayorClient.cs,
55,SavePbi3PayAuth,SaveAuths.cs,,,"pats — 3P Pay Auth","Upsert 3rd-party payment authorization rows; RowChkSum",,,"SAMMS SQL Server (per clinic)","ctrl.tbl_LocationCons.DbName (per site)",dbo.tblPbi3PayAuth,"Azure SQL — BHG_DR",pats.tbl_pbi3PayAuth,RowChkSum,EF Core upsert,Daily,"Schedule 2 — BHGTaskRunner.exe 2 (Regional ETL P1)",,,,"Source: st.ConStr  Target: BHG_DRContext (EF Core)",,,,BHG-DR-LIB\SaveAuths.cs,
56,SavePreadmissionReferralSource,SavePAData.cs,,,"pats — Pre-Admission Referral Source","Upsert pre-admission referral source detail sub-table; always update",,,"SAMMS SQL Server (per clinic)","ctrl.tbl_LocationCons.DbName (per site)",dbo.tblPreadmissionReferralSource,"Azure SQL — BHG_DR",pats.tbl_PreadmissionReferralSource,Always update,EF Core upsert,Daily,"Schedule 2 — BHGTaskRunner.exe 2 (Regional ETL P1)",,,,"Source: st.ConStr  Target: BHG_DRContext (EF Core)",,,,BHG-DR-LIB\SavePAData.cs,
57,SaveServices,SaveGlobal.cs,,,"pats — Services","Upsert clinic service records; RowChkSum",,,"SAMMS SQL Server (per clinic)","ctrl.tbl_LocationCons.DbName (per site)",dbo.tblSERVICES,"Azure SQL — BHG_DR",pats.tbl_SERVICES,RowChkSum,EF Core upsert,Daily,"Schedule 2 — BHGTaskRunner.exe 2 (Regional ETL P1)",,,,"Source: st.ConStr  Target: BHG_DRContext (EF Core)",,,,BHG-DR-LIB\SaveGlobal.cs,
58,SaveSFDataForms,SaveFormQAData.cs,,,"pats — SF Data Forms","Upsert SF data forms (form metadata per client); always update",,,"SAMMS SQL Server (per clinic)","ctrl.tbl_LocationCons.DbName (per site)",dbo.SF_DataForms,"Azure SQL — BHG_DR",pats.tbl_SF_DataForms,Always update,EF Core upsert,Daily,"Schedule 2 — BHGTaskRunner.exe 2 (Regional ETL P1)",,,,"Source: st.ConStr  Target: BHG_DRContext (EF Core)",,,,BHG-DR-LIB\SaveFormQAData.cs,
59,SaveSMSTextConsentForm,SaveDataFeb26.cs,,,"pats — SMS Text Consent Form","Upsert SMS text consent form records; RowChkSum",,,"SAMMS SQL Server (per clinic)","ctrl.tbl_LocationCons.DbName (per site)",dbo.SMSTextConsentForm,"Azure SQL — BHG_DR",pats.tbl_SMSTextConsentForm,RowChkSum,EF Core upsert,Daily,"Schedule 2 — BHGTaskRunner.exe 2 (Regional ETL P1)",,,,"Source: st.ConStr  Target: BHG_DRContext (EF Core)",,,,BHG-DR-LIB\SaveDataFeb26.cs,
60,SaveTakeHomeAgreementAndDiversionControl,SaveAssessments.cs,,,"pats — Take Home Agreement & Diversion","Upsert take-home agreement and diversion control form; RowChkSum",,,"SAMMS SQL Server (per clinic)","ctrl.tbl_LocationCons.DbName (per site)",dbo.tblTakeHomeAgreementAndDiversionControl,"Azure SQL — BHG_DR",pats.tbl_takehomeagreementanddiversioncontrol,RowChkSum,EF Core upsert,Daily,"Schedule 2 — BHGTaskRunner.exe 2 (Regional ETL P1)",,,,"Source: st.ConStr  Target: BHG_DRContext (EF Core)",,,,BHG-DR-LIB\SaveAssessments.cs,
61,SaveTakeHomeRiskAssessment,SaveAssessments.cs,,,"pats — Take Home Risk Assessment","Upsert take-home risk assessment form; RowChkSum",,,"SAMMS SQL Server (per clinic)","ctrl.tbl_LocationCons.DbName (per site)",dbo.tblTakeHomeRiskAssessment,"Azure SQL — BHG_DR",pats.tbl_TakeHomeRiskAssessment,RowChkSum,EF Core upsert,Daily,"Schedule 2 — BHGTaskRunner.exe 2 (Regional ETL P1)",,,,"Source: st.ConStr  Target: BHG_DRContext (EF Core)",,,,BHG-DR-LIB\SaveAssessments.cs,
62,SaveDiag10,SaveCleints.cs,,,"pats — Diagnosis ICD-10","Upsert ICD-10 diagnosis codes per client; RowChkSum; pre-reset per site",,,"SAMMS SQL Server (per clinic)","ctrl.tbl_LocationCons.DbName (per site)",dbo.tblDiag10,"Azure SQL — BHG_DR",pats.tbl_TblDiag10,"Pre-reset + RowChkSum",EF Core upsert,Daily,"Schedule 2 — BHGTaskRunner.exe 2 (Regional ETL P1)",,,,"Source: st.ConStr  Target: BHG_DRContext (EF Core)",,,,BHG-DR-LIB\SaveCleints.cs,
63,SaveUAResults,SaveUAResults.cs,,,"pats — UA Results","Upsert urinalysis results; RowChkSum",,,"SAMMS SQL Server (per clinic)","ctrl.tbl_LocationCons.DbName (per site)",dbo.tblUAResults,"Azure SQL — BHG_DR",pats.tbl_UAResults,RowChkSum,EF Core upsert,Daily,"Schedule 2 — BHGTaskRunner.exe 2 (Regional ETL P1)",,,,"Source: st.ConStr  Target: BHG_DRContext (EF Core)",,,,BHG-DR-LIB\SaveUAResults.cs,
64,SaveUASched,SaveUAResults.cs,,,"pats — UA Schedule","Upsert urinalysis schedule records; RowChkSum",,,"SAMMS SQL Server (per clinic)","ctrl.tbl_LocationCons.DbName (per site)",dbo.tblUASched,"Azure SQL — BHG_DR",pats.tbl_UASched,RowChkSum,EF Core upsert,Daily,"Schedule 2 — BHGTaskRunner.exe 2 (Regional ETL P1)",,,,"Source: st.ConStr  Target: BHG_DRContext (EF Core)",,,,BHG-DR-LIB\SaveUAResults.cs,
65,SaveVAComprehensiveAssessment,SaveCA.cs,,,"pats — VA Comprehensive Assessment","Upsert Virginia comprehensive assessment form; RowChkSum",,,"SAMMS SQL Server (per clinic)","ctrl.tbl_LocationCons.DbName (per site)",dbo.VAComprehensiveAssessment,"Azure SQL — BHG_DR",pats.tbl_VAComprehensiveAssessment,RowChkSum,EF Core upsert,Daily,"Schedule 2 — BHGTaskRunner.exe 2 (Regional ETL P1)",,,,"Source: st.ConStr  Target: BHG_DRContext (EF Core)",,,,BHG-DR-LIB\SaveCA.cs,
66,SaveVAComprehensiveAssessmentSummary,SaveCA.cs,,,"pats — VA Assessment Summary","Upsert VA comprehensive assessment summary sub-table; RowChkSum",,,"SAMMS SQL Server (per clinic)","ctrl.tbl_LocationCons.DbName (per site)",dbo.VAComprehensiveAssessmentSummary,"Azure SQL — BHG_DR",pats.tbl_vacomprehensiveassessmentsummary,RowChkSum,EF Core upsert,Daily,"Schedule 2 — BHGTaskRunner.exe 2 (Regional ETL P1)",,,,"Source: st.ConStr  Target: BHG_DRContext (EF Core)",,,,BHG-DR-LIB\SaveCA.cs,
67,SaveVw3pBillSub,Save3pElig.cs,,,"pats — 3P Bill Sub View","Upsert 3P bill sub totals from view; RowChkSum",,,"SAMMS SQL Server (per clinic)","ctrl.tbl_LocationCons.DbName (per site)",dbo.vw3pBillSub,"Azure SQL — BHG_DR",pats.tbl_vw3pBillSub,RowChkSum,EF Core upsert,Daily,"Schedule 2 — BHGTaskRunner.exe 2 (Regional ETL P1)",,,,"Source: st.ConStr  Target: BHG_DRContext (EF Core)",,,,BHG-DR-LIB\Save3pElig.cs,
68,SaveClientDemo,SaveCleints.cs,,,"stg — Client Demographics (stg)","Upsert client demographic data to stg.ClientDemo staging table; hardcoded SQL with wide SELECT; RowChkSum",,,"SAMMS SQL Server (per clinic)","ctrl.tbl_LocationCons.DbName (per site)",dbo.tblClientDemo1+dbo.tblClientDemo2,"Azure SQL — BHG_DR",stg.ClientDemo,"RowChkSum (hardcoded SQL)",EF Core upsert,Daily,"Schedule 2 — BHGTaskRunner.exe 2 (Regional ETL P1)",,,,"Source: st.ConStr  Target: BHG_DRContext (EF Core)",,,,BHG-DR-LIB\SaveCleints.cs,
69,SaveClaimLineItem,SaveClaims.cs,,,"pats — Claim Line Items","Upsert claim line items; RowChkSum; windowed lookback by year; P2 for all timezones",,,"SAMMS SQL Server (per clinic)","ctrl.tbl_LocationCons.DbName (per site)",dbo.tblClaimLineItem,"Azure SQL — BHG_DR",pats.tbl_ClaimLineItem,RowChkSum,EF Core upsert,Daily,"Schedule 4 — BHGTaskRunner.exe 4 (Regional ETL P2)",,,,"Source: st.ConStr  Target: BHG_DRContext (EF Core)",,,,BHG-DR-LIB\SaveClaims.cs,
70,SaveClaimLineItemActivity,SaveClaims.cs,,,"pats — Claim Line Item Activity","Upsert claim line item activity rows; RowChkSum; P2 for all timezones",,,"SAMMS SQL Server (per clinic)","ctrl.tbl_LocationCons.DbName (per site)",dbo.tblClaimLineItemActivity,"Azure SQL — BHG_DR",pats.tbl_ClaimLineItemActivity,RowChkSum,EF Core upsert,Daily,"Schedule 4 — BHGTaskRunner.exe 4 (Regional ETL P2)",,,,"Source: st.ConStr  Target: BHG_DRContext (EF Core)",,,,BHG-DR-LIB\SaveClaims.cs,
71,SaveClaims,SaveClaims.cs,,,"pats — Claims","Upsert claims header; RowChkSum; windowed lookback by year; P2 for all timezones",,,"SAMMS SQL Server (per clinic)","ctrl.tbl_LocationCons.DbName (per site)",dbo.tblClaims,"Azure SQL — BHG_DR",pats.tbl_claims,RowChkSum,EF Core upsert,Daily,"Schedule 4 — BHGTaskRunner.exe 4 (Regional ETL P2)",,,,"Source: st.ConStr  Target: BHG_DRContext (EF Core)",,,,BHG-DR-LIB\SaveClaims.cs,
72,SaveEMFormMDM,SaveFormQAData.cs,,,"pats — E&M Form MDM","Upsert E&M form medical decision making; always update; P2 for all timezones",,,"SAMMS SQL Server (per clinic)","ctrl.tbl_LocationCons.DbName (per site)",dbo.EandMFormMDM,"Azure SQL — BHG_DR",pats.tbl_EandMFormMDM,Always update,EF Core upsert,Daily,"Schedule 4 — BHGTaskRunner.exe 4 (Regional ETL P2)",,,,"Source: st.ConStr  Target: BHG_DRContext (EF Core)",,,,BHG-DR-LIB\SaveFormQAData.cs,
73,SaveNewAdmissionAssessmentASAMDimension2,SaveAssessments.cs,,,"pats — NAA ASAM Dimension 2","Upsert NAA ASAM Dimension 2; P2 for ALL timezones (moved from P1 in updated scheduler)",,,"SAMMS SQL Server (per clinic)","ctrl.tbl_LocationCons.DbName (per site)",dbo.tblNewAdmissionAssessmentASAMDimension2,"Azure SQL — BHG_DR",pats.tbl_NewAdmissionAssessmentASAMDimension2,Always update,EF Core upsert,Daily,"Schedule 4 — BHGTaskRunner.exe 4 (Regional ETL P2)",,,,"Source: st.ConStr  Target: BHG_DRContext (EF Core)",,,,BHG-DR-LIB\SaveAssessments.cs,
74,SaveNewAdmissionAssessmentASAMDimension4,SaveAssessments.cs,,,"pats — NAA ASAM Dimension 4","Upsert NAA ASAM Dimension 4; P2 for ALL timezones (moved from P1 in updated scheduler)",,,"SAMMS SQL Server (per clinic)","ctrl.tbl_LocationCons.DbName (per site)",dbo.tblNewAdmissionAssessmentASAMDimension4,"Azure SQL — BHG_DR",pats.tbl_NewAdmissionAssessmentASAMDimension4,Always update,EF Core upsert,Daily,"Schedule 4 — BHGTaskRunner.exe 4 (Regional ETL P2)",,,,"Source: st.ConStr  Target: BHG_DRContext (EF Core)",,,,BHG-DR-LIB\SaveAssessments.cs,
75,SaveNewAdmissionAssessmentASAMDimension5,SaveAssessments.cs,,,"pats — NAA ASAM Dimension 5","Upsert NAA ASAM Dimension 5; P2 for ALL timezones (moved from P1 in updated scheduler)",,,"SAMMS SQL Server (per clinic)","ctrl.tbl_LocationCons.DbName (per site)",dbo.TBLNewAdmissionAssessmentASAMDimension5,"Azure SQL — BHG_DR",pats.tbl_NewAdmissionAssessmentASAMDimension5,Always update,EF Core upsert,Daily,"Schedule 4 — BHGTaskRunner.exe 4 (Regional ETL P2)",,,,"Source: st.ConStr  Target: BHG_DRContext (EF Core)",,,,BHG-DR-LIB\SaveAssessments.cs,
76,SavePayorClient,SavePayorClient.cs,,,"pats — Payer Client","Upsert payer-client association; RowChkSum; P2 for all timezones (LAB site excluded)",,,"SAMMS SQL Server (per clinic)","ctrl.tbl_LocationCons.DbName (per site)",dbo.tblPayerClient,"Azure SQL — BHG_DR",pats.tbl_PayerClient,RowChkSum,EF Core upsert,Daily,"Schedule 4 — BHGTaskRunner.exe 4 (Regional ETL P2)",,,,"Source: st.ConStr  Target: BHG_DRContext (EF Core)",,,,BHG-DR-LIB\SavePayorClient.cs,
77,SaveTreatmentLevel,SaveTreatmentLevel.cs,,,"pats — Treatment Level","Upsert treatment level per client; RowChkSum; P2 for all timezones",,,"SAMMS SQL Server (per clinic)","ctrl.tbl_LocationCons.DbName (per site)",dbo.tblTreatmentLevel,"Azure SQL — BHG_DR",pats.tbl_TreatmentLevel,RowChkSum,EF Core upsert,Daily,"Schedule 4 — BHGTaskRunner.exe 4 (Regional ETL P2)",,,,"Source: st.ConStr  Target: BHG_DRContext (EF Core)",,,,BHG-DR-LIB\SaveTreatmentLevel.cs,
78,SaveUAResultDetail,SaveUAResults.cs,,,"pats — UA Result Detail","Upsert UA result detail (analyte-level) rows; RowChkSum; P2 for all timezones",,,"SAMMS SQL Server (per clinic)","ctrl.tbl_LocationCons.DbName (per site)",dbo.tblUAResultDetail,"Azure SQL — BHG_DR",pats.tbl_UAResultDetail,RowChkSum,EF Core upsert,Daily,"Schedule 4 — BHGTaskRunner.exe 4 (Regional ETL P2)",,,,"Source: st.ConStr  Target: BHG_DRContext (EF Core)",,,,BHG-DR-LIB\SaveUAResults.cs,
79,SaveClientDemo1,SaveCleints.cs,,,"pats — Client Demographics 1 (LAB)","Upsert client demographics part 1 for LAB site only",,,"SAMMS SQL Server (per clinic)","ctrl.tbl_LocationCons.DbName (per site)",dbo.tblClientDemo1,"Azure SQL — BHG_DR",pats.tbl_ClientDemo1,RowChkSum,EF Core upsert,Daily,"Schedule 5 — BHGTaskRunner.exe 5 (Samms-LAB)","LAB site only",,,"Source: st.ConStr  Target: BHG_DRContext (EF Core)",,,,BHG-DR-LIB\SaveCleints.cs,
80,SaveClientDemo2,SaveCleints.cs,,,"pats — Client Demographics 2 (LAB)","Upsert client demographics part 2 for LAB site only",,,"SAMMS SQL Server (per clinic)","ctrl.tbl_LocationCons.DbName (per site)",dbo.tblClientDemo2,"Azure SQL — BHG_DR",pats.tbl_ClientDemo2,RowChkSum,EF Core upsert,Daily,"Schedule 5 — BHGTaskRunner.exe 5 (Samms-LAB)","LAB site only",,,"Source: st.ConStr  Target: BHG_DRContext (EF Core)",,,,BHG-DR-LIB\SaveCleints.cs,
81,SaveFormAnswerSignatures,SaveFormQAData.cs,,,"pats — Form Answer Signatures","Upsert dynamic form answer signatures; ActionKey=6; RowChkSum",,,"SAMMS SQL Server (per clinic)","ctrl.tbl_LocationCons.DbName (per site)",dbo.tblFormAnswerSignatures,"Azure SQL — BHG_DR",pats.tbl_dbo_FormAnswerSignatures,RowChkSum,EF Core upsert,Daily,"Schedule 6 — BHGTaskRunner.exe 6 (Samms-Forms)",,,,"Source: st.ConStr  Target: BHG_DRContext (EF Core)",,,,BHG-DR-LIB\SaveFormQAData.cs,
82,SaveFormQuestionAnswers,SaveFormQAData.cs,,,"pats — Form Question Answers","Upsert dynamic form question-answer pairs; ActionKey=6; RowChkSum",,,"SAMMS SQL Server (per clinic)","ctrl.tbl_LocationCons.DbName (per site)",dbo.tblFormQuestionAnswers,"Azure SQL — BHG_DR",pats.tbl_dbo_FormQuestionAnswers,RowChkSum,EF Core upsert,Daily,"Schedule 6 — BHGTaskRunner.exe 6 (Samms-Forms)",,,,"Source: st.ConStr  Target: BHG_DRContext (EF Core)",,,,BHG-DR-LIB\SaveFormQAData.cs,
83,Save3pArnote,Save3pElig.cs,,,"pats — 3P AR Note","Upsert 3rd-party AR notes; EF Core upsert only — no bulk; lookup key ArnId; RowChkSum guards updates; two-phase commit",,,"SAMMS SQL Server (per clinic)","ctrl.tbl_LocationCons.DbName (per site)",dbo.tbl3pArnote,"Azure SQL — BHG_DR",pats.tbl_3parnote,RowChkSum,EF Core upsert,Daily,"Schedule 7 — BHGTaskRunner.exe 7 (SAMMS-ETL-Notes)",,,,"Source: st.ConStr  Target: BHG_DRContext (EF Core)",,,,BHG-DR-LIB\Save3pElig.cs,
84,Save3pClaimNote,Save3pElig.cs,,,"pats — 3P Claim Note","Upsert 3rd-party claim notes; lookup key ClaimNoteId; RowChkSum guards updates",,,"SAMMS SQL Server (per clinic)","ctrl.tbl_LocationCons.DbName (per site)",dbo.tbl3pClaimNote,"Azure SQL — BHG_DR",pats.tbl_3pclaimnote,RowChkSum,EF Core upsert,Daily,"Schedule 7 — BHGTaskRunner.exe 7 (SAMMS-ETL-Notes)",,,,"Source: st.ConStr  Target: BHG_DRContext (EF Core)",,,,BHG-DR-LIB\Save3pElig.cs,
85,SaveInventory,SaveInventory.cs,,,"ctrl — Inventory Type","Upsert inventory type reference rows; always update",,,"SAMMS SQL Server (per clinic)","ctrl.tbl_LocationCons.DbName (per site)",dbo.tblInvType,"Azure SQL — BHG_DR",ctrl.tbl_InvType,Always update,EF Core upsert,Daily,"Schedule 8 — BHGTaskRunner.exe 8 (SAMMS-ETL-INV)",,,,"Source: st.ConStr  Target: BHG_DRContext (EF Core)",,,,BHG-DR-LIB\SaveInventory.cs,
86,SaveAdmissionAssessment,SaveAssessments.cs,,,"pats — Admission Assessment","Upsert admission assessment header; RowChkSum; IsDeleted sets RowState=false",,,"SAMMS SQL Server (per clinic)","ctrl.tbl_LocationCons.DbName (per site)",dbo.tblAdmissionAssessment,"Azure SQL — BHG_DR",pats.Tbl_AdmissionAssessment,RowChkSum,EF Core upsert,Daily,"Schedule 8 — BHGTaskRunner.exe 8 (SAMMS-ETL-INV)",,,,"Source: st.ConStr  Target: BHG_DRContext (EF Core)",,,,BHG-DR-LIB\SaveAssessments.cs,
87,SaveAdmissionAssessmentSummary,SaveAssessments.cs,,,"pats — Admission Assessment Summary","Upsert admission assessment summary sub-table; RowChkSum",,,"SAMMS SQL Server (per clinic)","ctrl.tbl_LocationCons.DbName (per site)",dbo.tblAdmissionAssessmentSummary,"Azure SQL — BHG_DR",pats.Tbl_AdmissionAssessmentSummary,RowChkSum,EF Core upsert,Daily,"Schedule 8 — BHGTaskRunner.exe 8 (SAMMS-ETL-INV)",,,,"Source: st.ConStr  Target: BHG_DRContext (EF Core)",,,,BHG-DR-LIB\SaveAssessments.cs,
88,SaveAdmissionAssessmentDimensionOne,SaveAssessments.cs,,,"pats — Admission Assessment Dimension 1 Disorder","Upsert AA Dimension 1 Disorder sub-table; always update",,,"SAMMS SQL Server (per clinic)","ctrl.tbl_LocationCons.DbName (per site)",dbo.tblAdmissionAssessmentDimensionOneDisorder,"Azure SQL — BHG_DR",pats.Tbl_AdmissionAssessmentDimensionOneDisorder,Always update,EF Core upsert,Daily,"Schedule 8 — BHGTaskRunner.exe 8 (SAMMS-ETL-INV)",,,,"Source: st.ConStr  Target: BHG_DRContext (EF Core)",,,,BHG-DR-LIB\SaveAssessments.cs,
89,SaveAdmissionAssessmentDimensionTwo,SaveAssessments.cs,,,"pats — Admission Assessment Dimension 2","Upsert AA Dimension 2 sub-table; always update",,,"SAMMS SQL Server (per clinic)","ctrl.tbl_LocationCons.DbName (per site)",dbo.tblAdmissionAssessmentDimensionTwo,"Azure SQL — BHG_DR",pats.Tbl_AdmissionAssessmentDimensionTwo,Always update,EF Core upsert,Daily,"Schedule 8 — BHGTaskRunner.exe 8 (SAMMS-ETL-INV)",,,,"Source: st.ConStr  Target: BHG_DRContext (EF Core)",,,,BHG-DR-LIB\SaveAssessments.cs,
90,SaveAdmissionAssessmentDimensionThree,SaveAssessments.cs,,,"pats — Admission Assessment Dimension 3","Upsert AA Dimension 3 sub-table; always update",,,"SAMMS SQL Server (per clinic)","ctrl.tbl_LocationCons.DbName (per site)",dbo.tblAdmissionAssessmentDimensionThree,"Azure SQL — BHG_DR",pats.Tbl_AdmissionAssessmentDimensionThree,Always update,EF Core upsert,Daily,"Schedule 8 — BHGTaskRunner.exe 8 (SAMMS-ETL-INV)",,,,"Source: st.ConStr  Target: BHG_DRContext (EF Core)",,,,BHG-DR-LIB\SaveAssessments.cs,
91,SaveAdmissionAssessmentDimensionFour,SaveAssessments.cs,,,"pats — Admission Assessment Dimension 4","Upsert AA Dimension 4 sub-table; always update",,,"SAMMS SQL Server (per clinic)","ctrl.tbl_LocationCons.DbName (per site)",dbo.tblAdmissionAssessmentDimensionFour,"Azure SQL — BHG_DR",pats.tbl_AdmissionAssessmentDimensionfour,Always update,EF Core upsert,Daily,"Schedule 8 — BHGTaskRunner.exe 8 (SAMMS-ETL-INV)",,,,"Source: st.ConStr  Target: BHG_DRContext (EF Core)",,,,BHG-DR-LIB\SaveAssessments.cs,
92,SaveAdmissionAssessmentDimensionFive,SaveAssessments.cs,,,"pats — Admission Assessment Dimension 5 Substance Use","Upsert AA Dimension 5 SubstanceUse sub-table; always update",,,"SAMMS SQL Server (per clinic)","ctrl.tbl_LocationCons.DbName (per site)",dbo.tblAdmissionAssessmentDimensionFiveSubstanceUse,"Azure SQL — BHG_DR",pats.Tbl_AdmissionAssessmentDimensionFiveSubstanceUse,Always update,EF Core upsert,Daily,"Schedule 8 — BHGTaskRunner.exe 8 (SAMMS-ETL-INV)",,,,"Source: st.ConStr  Target: BHG_DRContext (EF Core)",,,,BHG-DR-LIB\SaveAssessments.cs,
93,SaveAdmissionAssessmentDimensionSix,SaveAssessments.cs,,,"pats — Admission Assessment Dimension 6","Upsert AA Dimension 6 sub-table; always update",,,"SAMMS SQL Server (per clinic)","ctrl.tbl_LocationCons.DbName (per site)",dbo.tblAdmissionAssessmentDimensionSix,"Azure SQL — BHG_DR",pats.tbl_AdmissionAssessmentDimensionSix,Always update,EF Core upsert,Daily,"Schedule 8 — BHGTaskRunner.exe 8 (SAMMS-ETL-INV)",,,,"Source: st.ConStr  Target: BHG_DRContext (EF Core)",,,,BHG-DR-LIB\SaveAssessments.cs,
94,SaveReAssessment,SaveAssessments.cs,,,"pats — Re-Assessment Header","Upsert periodic re-assessment header; RowChkSum",,,"SAMMS SQL Server (per clinic)","ctrl.tbl_LocationCons.DbName (per site)",dbo.tblReAssessment,"Azure SQL — BHG_DR",pats.Tbl_ReAssessment,RowChkSum,EF Core upsert,Daily,"Schedule 8 — BHGTaskRunner.exe 8 (SAMMS-ETL-INV)",,,,"Source: st.ConStr  Target: BHG_DRContext (EF Core)",,,,BHG-DR-LIB\SaveAssessments.cs,
95,SaveReAssessmentOccupational,SaveAssessments.cs,,,"pats — Re-Assessment Occupational","Upsert re-assessment occupational domain; always update",,,"SAMMS SQL Server (per clinic)","ctrl.tbl_LocationCons.DbName (per site)",dbo.tblReAssessmentOccupational,"Azure SQL — BHG_DR",pats.Tbl_ReAssessmentOccupational,Always update,EF Core upsert,Daily,"Schedule 8 — BHGTaskRunner.exe 8 (SAMMS-ETL-INV)",,,,"Source: st.ConStr  Target: BHG_DRContext (EF Core)",,,,BHG-DR-LIB\SaveAssessments.cs,
96,SaveReAssessmentFamily,SaveAssessments.cs,,,"pats — Re-Assessment Family","Upsert re-assessment family domain; always update",,,"SAMMS SQL Server (per clinic)","ctrl.tbl_LocationCons.DbName (per site)",dbo.tblReAssessmentFamily,"Azure SQL — BHG_DR",pats.Tbl_ReAssessmentFamily,Always update,EF Core upsert,Daily,"Schedule 8 — BHGTaskRunner.exe 8 (SAMMS-ETL-INV)",,,,"Source: st.ConStr  Target: BHG_DRContext (EF Core)",,,,BHG-DR-LIB\SaveAssessments.cs,
97,SaveReAssessmentLegal,SaveAssessments.cs,,,"pats — Re-Assessment Legal","Upsert re-assessment legal domain; always update",,,"SAMMS SQL Server (per clinic)","ctrl.tbl_LocationCons.DbName (per site)",dbo.tblReAssessmentLegal,"Azure SQL — BHG_DR",pats.Tbl_ReAssessmentLegal,Always update,EF Core upsert,Daily,"Schedule 8 — BHGTaskRunner.exe 8 (SAMMS-ETL-INV)",,,,"Source: st.ConStr  Target: BHG_DRContext (EF Core)",,,,BHG-DR-LIB\SaveAssessments.cs,
98,SaveReAssessmentMentalHealth,SaveAssessments.cs,,,"pats — Re-Assessment Mental Health","Upsert re-assessment mental health domain; always update",,,"SAMMS SQL Server (per clinic)","ctrl.tbl_LocationCons.DbName (per site)",dbo.tblReAssessmentMentalHealth,"Azure SQL — BHG_DR",pats.Tbl_ReAssessmentMentalHealth,Always update,EF Core upsert,Daily,"Schedule 8 — BHGTaskRunner.exe 8 (SAMMS-ETL-INV)",,,,"Source: st.ConStr  Target: BHG_DRContext (EF Core)",,,,BHG-DR-LIB\SaveAssessments.cs,
99,SaveReAssessmentPhysicalHealth,SaveAssessments.cs,,,"pats — Re-Assessment Physical Health","Upsert re-assessment physical health domain; always update",,,"SAMMS SQL Server (per clinic)","ctrl.tbl_LocationCons.DbName (per site)",dbo.tblReAssessmentPhysicalHealth,"Azure SQL — BHG_DR",pats.Tbl_ReAssessmentPhysicalHealth,Always update,EF Core upsert,Daily,"Schedule 8 — BHGTaskRunner.exe 8 (SAMMS-ETL-INV)",,,,"Source: st.ConStr  Target: BHG_DRContext (EF Core)",,,,BHG-DR-LIB\SaveAssessments.cs,
100,SaveReAssessmentSubstanceUse,SaveAssessments.cs,,,"pats — Re-Assessment Substance Use","Upsert re-assessment substance use domain; always update",,,"SAMMS SQL Server (per clinic)","ctrl.tbl_LocationCons.DbName (per site)",dbo.tblReAssessmentSubstanceUse,"Azure SQL — BHG_DR",pats.Tbl_ReAssessmentSubstanceUse,Always update,EF Core upsert,Daily,"Schedule 8 — BHGTaskRunner.exe 8 (SAMMS-ETL-INV)",,,,"Source: st.ConStr  Target: BHG_DRContext (EF Core)",,,,BHG-DR-LIB\SaveAssessments.cs,
101,SaveReAssessmentSocial,SaveAssessments.cs,,,"pats — Re-Assessment Social","Upsert re-assessment social domain; always update",,,"SAMMS SQL Server (per clinic)","ctrl.tbl_LocationCons.DbName (per site)",dbo.tblReAssessmentSocial,"Azure SQL — BHG_DR",pats.Tbl_ReAssessmentSocial,Always update,EF Core upsert,Daily,"Schedule 8 — BHGTaskRunner.exe 8 (SAMMS-ETL-INV)",,,,"Source: st.ConStr  Target: BHG_DRContext (EF Core)",,,,BHG-DR-LIB\SaveAssessments.cs,
102,SaveReAssessmentTreatment,SaveAssessments.cs,,,"pats — Re-Assessment Treatment","Upsert re-assessment treatment domain; always update",,,"SAMMS SQL Server (per clinic)","ctrl.tbl_LocationCons.DbName (per site)",dbo.tblReAssessmentTreatment,"Azure SQL — BHG_DR",pats.Tbl_ReAssessmentTreatment,Always update,EF Core upsert,Daily,"Schedule 8 — BHGTaskRunner.exe 8 (SAMMS-ETL-INV)",,,,"Source: st.ConStr  Target: BHG_DRContext (EF Core)",,,,BHG-DR-LIB\SaveAssessments.cs,
103,SaveAppointments,SaveAppointments.cs,,,"pats — Appointments","Upsert appointment header rows; RowChkSum; LAB site excluded",,,"SAMMS SQL Server (per clinic)","ctrl.tbl_LocationCons.DbName (per site)",dbo.tblAppointments,"Azure SQL — BHG_DR",pats.Tbl_Appointments,RowChkSum,EF Core upsert,Daily,"Schedule 8 — BHGTaskRunner.exe 8 (SAMMS-ETL-INV)",,,,"Source: st.ConStr  Target: BHG_DRContext (EF Core)",,,,BHG-DR-LIB\SaveAppointments.cs,
104,SaveBottle,SaveInventory.cs,,,"pats — Bottle (Inventory)","Upsert medication bottle inventory records; RowChkSum",,,"SAMMS SQL Server (per clinic)","ctrl.tbl_LocationCons.DbName (per site)",dbo.tblBottle,"Azure SQL — BHG_DR",pats.tbl_Bottle,RowChkSum,EF Core upsert,Daily,"Schedule 8 — BHGTaskRunner.exe 8 (SAMMS-ETL-INV)",,,,"Source: st.ConStr  Target: BHG_DRContext (EF Core)",,,,BHG-DR-LIB\SaveInventory.cs,
105,SaveLabResult,SaveInventory.cs,,,"pats — Lab Result","Upsert lab result header rows; RowChkSum; IsDeleted sets RowState=false",,,"SAMMS SQL Server (per clinic)","ctrl.tbl_LocationCons.DbName (per site)",dbo.tblLabresult,"Azure SQL — BHG_DR",pats.Tbl_LabResult,RowChkSum,EF Core upsert,Daily,"Schedule 8 — BHGTaskRunner.exe 8 (SAMMS-ETL-INV)",,,,"Source: st.ConStr  Target: BHG_DRContext (EF Core)",,,,BHG-DR-LIB\SaveInventory.cs,
106,SaveLabResultDetail,SaveInventory.cs,,,"pats — Lab Result Detail","Upsert lab result detail rows; RowChkSum",,,"SAMMS SQL Server (per clinic)","ctrl.tbl_LocationCons.DbName (per site)",dbo.tblLabresultdetail,"Azure SQL — BHG_DR",pats.tbl_LabResultDetail,RowChkSum,EF Core upsert,Daily,"Schedule 8 — BHGTaskRunner.exe 8 (SAMMS-ETL-INV)",,,,"Source: st.ConStr  Target: BHG_DRContext (EF Core)",,,,BHG-DR-LIB\SaveInventory.cs,
107,SaveLiquidLog,SaveInventory.cs,,,"pats — Liquid Log","Upsert liquid medication log records; RowChkSum",,,"SAMMS SQL Server (per clinic)","ctrl.tbl_LocationCons.DbName (per site)",dbo.tblLiquidLog,"Azure SQL — BHG_DR",pats.tbl_LiquidLog,RowChkSum,EF Core upsert,Daily,"Schedule 8 — BHGTaskRunner.exe 8 (SAMMS-ETL-INV)",,,,"Source: st.ConStr  Target: BHG_DRContext (EF Core)",,,,BHG-DR-LIB\SaveInventory.cs,
108,SaveOrientationChecklistNew,SaveAssessments.cs,,,"pats — Orientation Checklist","Upsert orientation checklist (new version); RowChkSum; LAB site excluded",,,"SAMMS SQL Server (per clinic)","ctrl.tbl_LocationCons.DbName (per site)",dbo.tblOrientationChecklistNew,"Azure SQL — BHG_DR",pats.Tbl_OrientationChecklistNew,RowChkSum,EF Core upsert,Daily,"Schedule 8 — BHGTaskRunner.exe 8 (SAMMS-ETL-INV)",,,,"Source: st.ConStr  Target: BHG_DRContext (EF Core)",,,,BHG-DR-LIB\SaveAssessments.cs,
109,BulkDartsSvc (bulk path),BulkDartsSvc.cs,,,"pats — DartsSrv (Bulk)","PRIMARY daily path — SqlBulkCopy into stg.tbl_dartssrv then stored procs stg.DartsSrvMerge/DartsSrvMerge22..28 MERGE into pats.tbl_DartsSrv_20XX year tables",,,"SAMMS SQL Server (per clinic)","ctrl.tbl_LocationCons.DbName (per site)",dbo.tblDartsSrv,"Azure SQL — BHG_DR","stg.tbl_dartssrv -> pats.tbl_DartsSrv_20XX","SqlBulkCopy + stg.DartsSrvMerge SP",SqlBulkCopy + SP MERGE,Daily,"Schedule 9 — BHGTaskRunner.exe 9 (SAMMS-ETL-DartSvc)",,,,"Source: st.ConStr  Target: BHG_DR via SqlBulkCopy",,,,BHG-DR-LIB\BulkDartsSvc.cs,
110,SaveDartsSrv (EF path),SaveDartsSrvs.cs,,,"pats — DartsSrv (EF fallback)","FALLBACK / backfill path — EF Core upsert per year table (SaveDartSrv2014..SaveDartSrv2023); RowChkSum; used for historical backfills and via SelectConstructor",,,"SAMMS SQL Server (per clinic)","ctrl.tbl_LocationCons.DbName (per site)",dbo.tblDartsSrv,"Azure SQL — BHG_DR",pats.tbl_DartsSrv_20XX (year-partitioned),RowChkSum,EF Core upsert (year-scoped),Daily,"Schedule 9 — BHGTaskRunner.exe 9 (SAMMS-ETL-DartSvc)",,,,"Source: st.ConStr  Target: BHG_DRContext (EF Core)",,,,BHG-DR-LIB\SaveDartsSrvs.cs,
111,SaveDoses,SaveDoses.cs,,,"pats — Dose","Upsert medication dose records; SqlBulkCopy + SP MERGE path (like DartsSrv); RowChkSum; dynamic lookback -15 / -90 days",,,"SAMMS SQL Server (per clinic)","ctrl.tbl_LocationCons.DbName (per site)",dbo.tblDose,"Azure SQL — BHG_DR",pats.tbl_Dose,RowChkSum,SqlBulkCopy + SP MERGE,Daily,"Schedule 10 — BHGTaskRunner.exe 10 (SAMMS-ETL-Dose)",,,,"Source: st.ConStr  Target: BHG_DR via SqlBulkCopy",,,,BHG-DR-LIB\SaveDoses.cs,
112,SaveDoseExcuse,SaveDoses.cs,,,"pats — Dose Excuse","Upsert dose excuse records; RowChkSum; P2 CASE list entry but routed to SAMMS-ETL-Dose dedicated batch",,,"SAMMS SQL Server (per clinic)","ctrl.tbl_LocationCons.DbName (per site)",dbo.tblDoseExcuse,"Azure SQL — BHG_DR",pats.tbl_Dose_Excuse,RowChkSum,EF Core upsert,Daily,"Schedule 10 — BHGTaskRunner.exe 10 (SAMMS-ETL-Dose)",,,,"Source: st.ConStr  Target: BHG_DRContext (EF Core)",,,,BHG-DR-LIB\SaveDoses.cs,
113,SaveOrders,SaveOrders.cs,,,"pats — Orders","Upsert prescription orders; year-partitioned tables in Azure (pats.tbl_Orders20XX); dynamic lookback; always in SAMMS-ETL-Orders regardless of P2 CASE list",,,"SAMMS SQL Server (per clinic)","ctrl.tbl_LocationCons.DbName (per site)",dbo.tblOrders,"Azure SQL — BHG_DR",pats.tbl_Orders20XX (year-partitioned),RowChkSum,EF Core upsert (year-scoped),Daily,"Schedule 11 — BHGTaskRunner.exe 11 (SAMMS-ETL-Orders)",,,,"Source: st.ConStr  Target: BHG_DRContext (EF Core)",,,,BHG-DR-LIB\SaveOrders.cs,
